insert into user (id, name, surname, username, password, age, driving_license) values (1, 'Alix', 'Hanstock', 'ahanstock0', 'wV2HHDSXAUMH', 11, '25562/43/1508768');
insert into user (id, name, surname, username, password, age, driving_license) values (2, 'Sula', 'Kempshall', 'skempshall1', 'sfsFAI9l', 58, '22607/22/9202440');
insert into user (id, name, surname, username, password, age, driving_license) values (3, 'Emelia', 'Fearnsides', 'efearnsides2', 'Od4ItF4', 42, '05608/25/4765646');
insert into user (id, name, surname, username, password, age, driving_license) values (4, 'Shandra', 'Rollinshaw', 'srollinshaw3', 'YotLEO0Us', 36, '36210/89/0385530');
insert into user (id, name, surname, username, password, age, driving_license) values (5, 'Merrick', 'Sidaway', 'msidaway4', '3jkRhay1scu', 69, '09781/04/2191007');
insert into user (id, name, surname, username, password, age, driving_license) values (6, 'Davina', 'Guthrum', 'dguthrum5', '2JoydR6', 80, '46100/30/8008279');
insert into user (id, name, surname, username, password, age, driving_license) values (7, 'Roxy', 'Church', 'rchurch6', 'TUNGAX763Z', 51, '15227/72/4898445');
insert into user (id, name, surname, username, password, age, driving_license) values (8, 'Michaelina', 'Antonellini', 'mantonellini7', 'U3CV1X', 68, '15013/35/3518508');
insert into user (id, name, surname, username, password, age, driving_license) values (9, 'Odey', 'Macak', 'omacak8', 'ggzvVm', 65, '04317/12/1078734');
insert into user (id, name, surname, username, password, age, driving_license) values (10, 'Bobine', 'O''Daly', 'bodaly9', '2pclHuik', 48, '58706/91/3324784');
insert into user (id, name, surname, username, password, age, driving_license) values (11, 'Wade', 'McQuade', 'wmcquadea', '9L6odYGWxrf', 25, '73878/53/8127604');
insert into user (id, name, surname, username, password, age, driving_license) values (12, 'Lacy', 'Caulwell', 'lcaulwellb', 'IpRgwQSnnt', 85, '63296/94/4177248');
insert into user (id, name, surname, username, password, age, driving_license) values (13, 'Mariska', 'Rustidge', 'mrustidgec', 'T9pFLrVUJW62', 75, '81392/09/8508326');
insert into user (id, name, surname, username, password, age, driving_license) values (14, 'Malynda', 'Tidswell', 'mtidswelld', 'Ihjov5', 39, '41817/78/5112668');
insert into user (id, name, surname, username, password, age, driving_license) values (15, 'Janna', 'O''Dunneen', 'jodunneene', 'kN1NbyQL7GK', 61, '94026/40/7642560');
insert into user (id, name, surname, username, password, age, driving_license) values (16, 'Gwenore', 'Lief', 'glieff', '27tzTPF7ss6', 94, '23622/61/2623414');
insert into user (id, name, surname, username, password, age, driving_license) values (17, 'Maurits', 'Fitchew', 'mfitchewg', 't80odHID', 84, '69291/68/5339854');
insert into user (id, name, surname, username, password, age, driving_license) values (18, 'Alyson', 'Dalwood', 'adalwoodh', 'ZA62Me', 25, '65221/26/5500988');
insert into user (id, name, surname, username, password, age, driving_license) values (19, 'Imogene', 'MacTrusty', 'imactrustyi', 'G5PpceSw', 100, '80181/92/4769917');
insert into user (id, name, surname, username, password, age, driving_license) values (20, 'Matilde', 'Luna', 'mlunaj', 'EzoEEbQ4C2p', 54, '18357/15/9491478');
insert into user (id, name, surname, username, password, age, driving_license) values (21, 'Zilvia', 'Langsdon', 'zlangsdonk', 'IXcl6Fr', 19, '57356/65/7821838');
insert into user (id, name, surname, username, password, age, driving_license) values (22, 'Gardener', 'Cowlam', 'gcowlaml', 'QxPX37GRa9', 25, '34762/66/7202580');
insert into user (id, name, surname, username, password, age, driving_license) values (23, 'Weylin', 'Adanet', 'wadanetm', 'V8VzZQw', 26, '16667/01/7871258');
insert into user (id, name, surname, username, password, age, driving_license) values (24, 'Lenci', 'Sapsed', 'lsapsedn', 'q8TurYo', 60, '10941/55/4186038');
insert into user (id, name, surname, username, password, age, driving_license) values (25, 'Pam', 'Vahl', 'pvahlo', '6do6J1', 65, '71471/62/8824177');
insert into user (id, name, surname, username, password, age, driving_license) values (26, 'Ringo', 'Fairfoull', 'rfairfoullp', '8r9TQgUZKox', 82, '67402/27/6825258');
insert into user (id, name, surname, username, password, age, driving_license) values (27, 'Rina', 'MacAne', 'rmacaneq', '4ljZBjK6Zc', 72, '62631/77/8288691');
insert into user (id, name, surname, username, password, age, driving_license) values (28, 'Tobias', 'De Castri', 'tdecastrir', 'RQxH3OR6bMF', 58, '48247/00/7228671');
insert into user (id, name, surname, username, password, age, driving_license) values (29, 'Karin', 'Craghead', 'kcragheads', '3mtGHvwILIsJ', 40, '57187/09/2002832');
insert into user (id, name, surname, username, password, age, driving_license) values (30, 'Ruthi', 'Nealon', 'rnealont', 'dCie5quoho', 82, '87786/39/4305614');
insert into user (id, name, surname, username, password, age, driving_license) values (31, 'Marcellus', 'Haps', 'mhapsu', 'nv7uIii', 52, '96749/72/7340868');
insert into user (id, name, surname, username, password, age, driving_license) values (32, 'Norma', 'Carlo', 'ncarlov', 'IktBuXv9FtGZ', 83, '70453/29/6962729');
insert into user (id, name, surname, username, password, age, driving_license) values (33, 'Orsa', 'Cockrell', 'ocockrellw', '4InU6ldlK', 86, '13510/61/3027423');
insert into user (id, name, surname, username, password, age, driving_license) values (34, 'Ramon', 'Conen', 'rconenx', 'KOIJSy2', 16, '62621/09/2977351');
insert into user (id, name, surname, username, password, age, driving_license) values (35, 'Hillier', 'Radish', 'hradishy', 'jbDiopk', 60, '79560/62/9846532');
insert into user (id, name, surname, username, password, age, driving_license) values (36, 'Olenka', 'Feehily', 'ofeehilyz', 'NzUunQFhnPJ', 84, '51750/18/8052247');
insert into user (id, name, surname, username, password, age, driving_license) values (37, 'Thorin', 'Bartomeu', 'tbartomeu10', 'fx3bnu47', 87, '41975/61/1307087');
insert into user (id, name, surname, username, password, age, driving_license) values (38, 'Octavius', 'Brugemann', 'obrugemann11', 'gXBqpen0l7q', 46, '71500/81/6989094');
insert into user (id, name, surname, username, password, age, driving_license) values (39, 'Erasmus', 'Edgin', 'eedgin12', '2HOKnifNzlI', 66, '83607/53/2676462');
insert into user (id, name, surname, username, password, age, driving_license) values (40, 'Towny', 'Shurlock', 'tshurlock13', 'CxXkdlZ', 52, '70098/86/5990870');
insert into user (id, name, surname, username, password, age, driving_license) values (41, 'Fanechka', 'Barlie', 'fbarlie14', 'YoBoBZ', 85, '21934/08/6114975');
insert into user (id, name, surname, username, password, age, driving_license) values (42, 'Wallis', 'Springle', 'wspringle15', 'mBfQBaRnn', 34, '53800/91/8765294');
insert into user (id, name, surname, username, password, age, driving_license) values (43, 'Ches', 'Ledgeway', 'cledgeway16', 'Qz6NUxHtJ', 49, '51258/27/4270835');
insert into user (id, name, surname, username, password, age, driving_license) values (44, 'Shannan', 'Tilling', 'stilling17', 'jAs8FUP9', 94, '75960/83/4831352');
insert into user (id, name, surname, username, password, age, driving_license) values (45, 'Killy', 'Strangeway', 'kstrangeway18', 'vpoc8ppAikD', 51, '49408/49/9593363');
insert into user (id, name, surname, username, password, age, driving_license) values (46, 'Cleveland', 'O''Murtagh', 'comurtagh19', 'waiOZvfA', 37, '09897/28/4080060');
insert into user (id, name, surname, username, password, age, driving_license) values (47, 'Loretta', 'Basso', 'lbasso1a', '0Tq511WrmyH', 30, '49431/09/0994847');
insert into user (id, name, surname, username, password, age, driving_license) values (48, 'Den', 'Ducker', 'dducker1b', 'W0un66', 17, '71245/81/8988406');
insert into user (id, name, surname, username, password, age, driving_license) values (49, 'Gleda', 'Ruben', 'gruben1c', '76qOkJ95LG51', 91, '13075/78/6138784');
insert into user (id, name, surname, username, password, age, driving_license) values (50, 'Gina', 'Walbridge', 'gwalbridge1d', 'UVNvI59', 32, '61197/26/5909366');
insert into user (id, name, surname, username, password, age, driving_license) values (51, 'Paule', 'Yakebovitch', 'pyakebovitch1e', 'zpvLmMt', 70, '11107/75/0943351');
insert into user (id, name, surname, username, password, age, driving_license) values (52, 'Libbie', 'Wardhaw', 'lwardhaw1f', 'cAoQf1', 18, '92915/07/6314938');
insert into user (id, name, surname, username, password, age, driving_license) values (53, 'Dareen', 'Lode', 'dlode1g', 'p7Ziwa6mE2', 41, '28593/93/2824769');
insert into user (id, name, surname, username, password, age, driving_license) values (54, 'Frederich', 'Vivians', 'fvivians1h', 'gzHipNp', 45, '16563/44/6958113');
insert into user (id, name, surname, username, password, age, driving_license) values (55, 'Birgitta', 'Danev', 'bdanev1i', '2InVPnbpCB7X', 100, '10607/00/1913555');
insert into user (id, name, surname, username, password, age, driving_license) values (56, 'Breanne', 'Feldhuhn', 'bfeldhuhn1j', 'e1lCNR', 48, '49276/58/6785464');
insert into user (id, name, surname, username, password, age, driving_license) values (57, 'Eloise', 'Kubczak', 'ekubczak1k', 'M9aZOCm', 44, '50142/58/0011431');
insert into user (id, name, surname, username, password, age, driving_license) values (58, 'Fee', 'Gilberthorpe', 'fgilberthorpe1l', 'sezEfC', 11, '74101/98/5863112');
insert into user (id, name, surname, username, password, age, driving_license) values (59, 'Yorke', 'Apted', 'yapted1m', 'St2dZ6Iqo2J5', 62, '67311/83/9957843');
insert into user (id, name, surname, username, password, age, driving_license) values (60, 'Frederick', 'Glanders', 'fglanders1n', 's34vtFafJu', 95, '76441/57/8429783');
insert into user (id, name, surname, username, password, age, driving_license) values (61, 'Virgie', 'Cousen', 'vcousen1o', 'RuqpaR', 78, '09032/12/0166688');
insert into user (id, name, surname, username, password, age, driving_license) values (62, 'Jonell', 'Markwell', 'jmarkwell1p', 'xHi0JV', 83, '69850/87/6307177');
insert into user (id, name, surname, username, password, age, driving_license) values (63, 'Leta', 'Gaiger', 'lgaiger1q', 'psWauVqF', 64, '31681/01/3177424');
insert into user (id, name, surname, username, password, age, driving_license) values (64, 'Mickie', 'Prestney', 'mprestney1r', 'TzimIQ7876', 69, '91859/57/7021235');
insert into user (id, name, surname, username, password, age, driving_license) values (65, 'Zack', 'Shemelt', 'zshemelt1s', 'i9GYyOB', 84, '75039/48/2873906');
insert into user (id, name, surname, username, password, age, driving_license) values (66, 'Darla', 'Bonniface', 'dbonniface1t', 'QF17YwDZb', 22, '11180/18/3831320');
insert into user (id, name, surname, username, password, age, driving_license) values (67, 'Ogden', 'Tumbridge', 'otumbridge1u', 'He34i5vDzL8', 41, '70953/65/1880307');
insert into user (id, name, surname, username, password, age, driving_license) values (68, 'Edin', 'Camelli', 'ecamelli1v', '30xBgbhYg', 66, '34241/25/4352594');
insert into user (id, name, surname, username, password, age, driving_license) values (69, 'Amelina', 'Ivanishev', 'aivanishev1w', 'DbN3zEOXE7', 31, '44404/48/7881562');
insert into user (id, name, surname, username, password, age, driving_license) values (70, 'Joelynn', 'Mc Carrick', 'jmccarrick1x', 'POTY4qx', 42, '79987/82/3502286');
insert into user (id, name, surname, username, password, age, driving_license) values (71, 'Caldwell', 'Beahan', 'cbeahan1y', 'Sd9kWmYn7h', 42, '84605/35/0472862');
insert into user (id, name, surname, username, password, age, driving_license) values (72, 'Wallie', 'Gemmell', 'wgemmell1z', '2ISuZeb', 75, '11248/99/5722576');
insert into user (id, name, surname, username, password, age, driving_license) values (73, 'Doe', 'Zanini', 'dzanini20', 'H5Tl3Ws4ru', 18, '01993/87/1430760');
insert into user (id, name, surname, username, password, age, driving_license) values (74, 'Berke', 'Leverett', 'bleverett21', '7qCEZA6CU', 70, '43489/87/0349101');
insert into user (id, name, surname, username, password, age, driving_license) values (75, 'Erastus', 'Cordery', 'ecordery22', 'Chdt8m', 80, '82628/36/4359202');
insert into user (id, name, surname, username, password, age, driving_license) values (76, 'Ophelia', 'Insworth', 'oinsworth23', 'tb0AjV9', 69, '92527/45/1215133');
insert into user (id, name, surname, username, password, age, driving_license) values (77, 'Christye', 'Chew', 'cchew24', 'adSdrLB4', 63, '98453/96/4055523');
insert into user (id, name, surname, username, password, age, driving_license) values (78, 'Rayshell', 'Buckoke', 'rbuckoke25', '4XmZCMsoiC4', 39, '52251/32/0129007');
insert into user (id, name, surname, username, password, age, driving_license) values (79, 'Benny', 'Doran', 'bdoran26', 'nMctSehowmq', 78, '04125/44/0553625');
insert into user (id, name, surname, username, password, age, driving_license) values (80, 'Weber', 'Spieck', 'wspieck27', 'rA5yOZ', 81, '55703/37/9663845');
insert into user (id, name, surname, username, password, age, driving_license) values (81, 'Margarita', 'Fuentez', 'mfuentez28', 'yxIOLTVH', 71, '46116/00/0245528');
insert into user (id, name, surname, username, password, age, driving_license) values (82, 'Basile', 'Farris', 'bfarris29', 'pFjz8zN90y', 100, '78132/83/4562273');
insert into user (id, name, surname, username, password, age, driving_license) values (83, 'Warner', 'Simounet', 'wsimounet2a', 'bl0KkyP', 17, '13330/45/3681247');
insert into user (id, name, surname, username, password, age, driving_license) values (84, 'Persis', 'Lowre', 'plowre2b', 'mKhubld9vi', 73, '58663/89/2955977');
insert into user (id, name, surname, username, password, age, driving_license) values (85, 'Hulda', 'Fenne', 'hfenne2c', 'N6amCIR', 87, '82499/11/1609944');
insert into user (id, name, surname, username, password, age, driving_license) values (86, 'Codie', 'Henderson', 'chenderson2d', 'UBzj7kalHcY', 11, '17205/40/3029275');
insert into user (id, name, surname, username, password, age, driving_license) values (87, 'Farand', 'O''Scannill', 'foscannill2e', 'g9li2hM', 96, '48358/86/1080076');
insert into user (id, name, surname, username, password, age, driving_license) values (88, 'Caddric', 'Jakobssen', 'cjakobssen2f', 'oOBgvzb8h', 18, '66741/48/5443179');
insert into user (id, name, surname, username, password, age, driving_license) values (89, 'Petronilla', 'Esparza', 'pesparza2g', 'HSPvBPUM7u', 21, '24335/49/8701677');
insert into user (id, name, surname, username, password, age, driving_license) values (90, 'Nikola', 'Roskell', 'nroskell2h', '6LeLks6', 65, '20318/54/2662933');
insert into user (id, name, surname, username, password, age, driving_license) values (91, 'Lebbie', 'Terran', 'lterran2i', 'DOvZU4Pw', 20, '81956/45/8662203');
insert into user (id, name, surname, username, password, age, driving_license) values (92, 'Maddy', 'Holbie', 'mholbie2j', '15PSZoo', 51, '30870/52/6319666');
insert into user (id, name, surname, username, password, age, driving_license) values (93, 'Oliy', 'Vaz', 'ovaz2k', 'DGempa6FFy', 14, '80222/13/1900289');
insert into user (id, name, surname, username, password, age, driving_license) values (94, 'Diann', 'Messager', 'dmessager2l', 'jAkaeyoU', 47, '08764/76/6837802');
insert into user (id, name, surname, username, password, age, driving_license) values (95, 'Hatti', 'Mabson', 'hmabson2m', '5rjUlKhnTTn3', 28, '44767/15/2770824');
insert into user (id, name, surname, username, password, age, driving_license) values (96, 'Myrah', 'Maddinon', 'mmaddinon2n', 'CO3C5gz', 75, '17923/87/4204051');
insert into user (id, name, surname, username, password, age, driving_license) values (97, 'Casi', 'Bilton', 'cbilton2o', 'vWY3i6jl3H', 20, '70073/91/9679737');
insert into user (id, name, surname, username, password, age, driving_license) values (98, 'Florian', 'Simounet', 'fsimounet2p', 'eNcO97bII2Jd', 29, '78465/35/9695233');
insert into user (id, name, surname, username, password, age, driving_license) values (99, 'Jonell', 'Copsey', 'jcopsey2q', 'XA4Or4jLdPr', 49, '52294/23/0576465');
insert into user (id, name, surname, username, password, age, driving_license) values (100, 'Broddy', 'De Bruijne', 'bdebruijne2r', 'QLZSut', 70, '20352/06/6963346');


insert into brand (id, name) values (1, 'Mazda');
insert into brand (id, name) values (2, 'Chevrolet');
insert into brand (id, name) values (3, 'Nissan');
insert into brand (id, name) values (4, 'Chevrolet');
insert into brand (id, name) values (5, 'Dodge');
insert into brand (id, name) values (6, 'Lotus');
insert into brand (id, name) values (7, 'Dodge');
insert into brand (id, name) values (8, 'Lincoln');
insert into brand (id, name) values (9, 'Infiniti');
insert into brand (id, name) values (10, 'Volkswagen');
insert into brand (id, name) values (11, 'Mercury');
insert into brand (id, name) values (12, 'GMC');
insert into brand (id, name) values (13, 'Nissan');
insert into brand (id, name) values (14, 'GMC');
insert into brand (id, name) values (15, 'Infiniti');
insert into brand (id, name) values (16, 'Ford');
insert into brand (id, name) values (17, 'Jeep');
insert into brand (id, name) values (18, 'Lexus');
insert into brand (id, name) values (19, 'Mercury');
insert into brand (id, name) values (20, 'Chevrolet');
insert into brand (id, name) values (21, 'Ford');
insert into brand (id, name) values (22, 'Dodge');
insert into brand (id, name) values (23, 'Hyundai');
insert into brand (id, name) values (24, 'Cadillac');
insert into brand (id, name) values (25, 'Mazda');
insert into brand (id, name) values (26, 'Dodge');
insert into brand (id, name) values (27, 'Chevrolet');
insert into brand (id, name) values (28, 'GMC');
insert into brand (id, name) values (29, 'Subaru');
insert into brand (id, name) values (30, 'GMC');
insert into brand (id, name) values (31, 'Porsche');
insert into brand (id, name) values (32, 'Buick');
insert into brand (id, name) values (33, 'Mitsubishi');
insert into brand (id, name) values (34, 'Mercedes-Benz');
insert into brand (id, name) values (35, 'Cadillac');
insert into brand (id, name) values (36, 'Hyundai');
insert into brand (id, name) values (37, 'Acura');
insert into brand (id, name) values (38, 'Nissan');
insert into brand (id, name) values (39, 'Plymouth');
insert into brand (id, name) values (40, 'BMW');
insert into brand (id, name) values (41, 'Audi');
insert into brand (id, name) values (42, 'Ford');
insert into brand (id, name) values (43, 'Hyundai');
insert into brand (id, name) values (44, 'Jeep');
insert into brand (id, name) values (45, 'Dodge');
insert into brand (id, name) values (46, 'Lotus');
insert into brand (id, name) values (47, 'Ford');
insert into brand (id, name) values (48, 'Acura');
insert into brand (id, name) values (49, 'Ford');
insert into brand (id, name) values (50, 'Honda');
insert into brand (id, name) values (51, 'Volkswagen');
insert into brand (id, name) values (52, 'Mazda');
insert into brand (id, name) values (53, 'Hyundai');
insert into brand (id, name) values (54, 'Lexus');
insert into brand (id, name) values (55, 'Cadillac');
insert into brand (id, name) values (56, 'Mercury');
insert into brand (id, name) values (57, 'Mitsubishi');
insert into brand (id, name) values (58, 'Suzuki');
insert into brand (id, name) values (59, 'Ford');
insert into brand (id, name) values (60, 'Kia');
insert into brand (id, name) values (61, 'Chevrolet');
insert into brand (id, name) values (62, 'Audi');
insert into brand (id, name) values (63, 'Acura');
insert into brand (id, name) values (64, 'Isuzu');
insert into brand (id, name) values (65, 'Chevrolet');
insert into brand (id, name) values (66, 'Spyker');
insert into brand (id, name) values (67, 'Kia');
insert into brand (id, name) values (68, 'Dodge');
insert into brand (id, name) values (69, 'Ford');
insert into brand (id, name) values (70, 'Land Rover');
insert into brand (id, name) values (71, 'Mercury');
insert into brand (id, name) values (72, 'Volkswagen');
insert into brand (id, name) values (73, 'Volkswagen');
insert into brand (id, name) values (74, 'Chrysler');
insert into brand (id, name) values (75, 'Land Rover');
insert into brand (id, name) values (76, 'Nissan');
insert into brand (id, name) values (77, 'Toyota');
insert into brand (id, name) values (78, 'Volkswagen');
insert into brand (id, name) values (79, 'Plymouth');
insert into brand (id, name) values (80, 'Isuzu');
insert into brand (id, name) values (81, 'Mercedes-Benz');
insert into brand (id, name) values (82, 'Ford');
insert into brand (id, name) values (83, 'Mitsubishi');
insert into brand (id, name) values (84, 'Nissan');
insert into brand (id, name) values (85, 'Honda');
insert into brand (id, name) values (86, 'Toyota');
insert into brand (id, name) values (87, 'Ford');
insert into brand (id, name) values (88, 'Chevrolet');
insert into brand (id, name) values (89, 'Mitsubishi');
insert into brand (id, name) values (90, 'Jeep');
insert into brand (id, name) values (91, 'Pontiac');
insert into brand (id, name) values (92, 'GMC');
insert into brand (id, name) values (93, 'Ford');
insert into brand (id, name) values (94, 'Saturn');
insert into brand (id, name) values (95, 'Mitsubishi');
insert into brand (id, name) values (96, 'Cadillac');
insert into brand (id, name) values (97, 'Audi');
insert into brand (id, name) values (98, 'Mercedes-Benz');
insert into brand (id, name) values (99, 'Subaru');
insert into brand (id, name) values (100, 'Mazda');


insert into model (id, name) values (1, 'Ranger');
insert into model (id, name) values (2, 'Nubira');
insert into model (id, name) values (3, 'A3');
insert into model (id, name) values (4, 'Blazer');
insert into model (id, name) values (5, 'Escort');
insert into model (id, name) values (6, 'Viper');
insert into model (id, name) values (7, 'Celica');
insert into model (id, name) values (8, '928');
insert into model (id, name) values (9, 'Corolla');
insert into model (id, name) values (10, 'Supra');
insert into model (id, name) values (11, 'Galant');
insert into model (id, name) values (12, 'Savana 1500');
insert into model (id, name) values (13, 'Sonoma Club Coupe');
insert into model (id, name) values (14, 'Legacy');
insert into model (id, name) values (15, '9-5');
insert into model (id, name) values (16, 'GS');
insert into model (id, name) values (17, 'Breeze');
insert into model (id, name) values (18, 'ES');
insert into model (id, name) values (19, 'Sierra 2500');
insert into model (id, name) values (20, 'Paseo');
insert into model (id, name) values (21, 'SJ');
insert into model (id, name) values (22, 'QX');
insert into model (id, name) values (23, 'Pajero');
insert into model (id, name) values (24, 'T100');
insert into model (id, name) values (25, 'MR2');
insert into model (id, name) values (26, 'TT');
insert into model (id, name) values (27, 'G-Series G20');
insert into model (id, name) values (28, 'Vitara');
insert into model (id, name) values (29, 'Thunderbird');
insert into model (id, name) values (30, 'Corvette');
insert into model (id, name) values (31, 'X-Type');
insert into model (id, name) values (32, 'Continental');
insert into model (id, name) values (33, 'S10');
insert into model (id, name) values (34, 'W201');
insert into model (id, name) values (35, 'XC60');
insert into model (id, name) values (36, 'Lucerne');
insert into model (id, name) values (37, 'Econoline E250');
insert into model (id, name) values (38, 'Diablo');
insert into model (id, name) values (39, '525');
insert into model (id, name) values (40, 'Q');
insert into model (id, name) values (41, 'Celica');
insert into model (id, name) values (42, 'LS');
insert into model (id, name) values (43, '57');
insert into model (id, name) values (44, 'RX-8');
insert into model (id, name) values (45, '4Runner');
insert into model (id, name) values (46, '100');
insert into model (id, name) values (47, 'Tredia');
insert into model (id, name) values (48, 'Precis');
insert into model (id, name) values (49, 'Sunfire');
insert into model (id, name) values (50, 'Frontier');
insert into model (id, name) values (51, 'M-Class');
insert into model (id, name) values (52, 'Grand Prix');
insert into model (id, name) values (53, 'A8');
insert into model (id, name) values (54, 'X-Type');
insert into model (id, name) values (55, 'S-Type');
insert into model (id, name) values (56, 'Savana 1500');
insert into model (id, name) values (57, 'MX-6');
insert into model (id, name) values (58, 'IS');
insert into model (id, name) values (59, 'Legend');
insert into model (id, name) values (60, 'GranSport');
insert into model (id, name) values (61, 'Caliber');
insert into model (id, name) values (62, 'E250');
insert into model (id, name) values (63, '911');
insert into model (id, name) values (64, '929');
insert into model (id, name) values (65, 'CL-Class');
insert into model (id, name) values (66, 'LR2');
insert into model (id, name) values (67, 'S40');
insert into model (id, name) values (68, 'Allroad');
insert into model (id, name) values (69, '300');
insert into model (id, name) values (70, 'MX-5');
insert into model (id, name) values (71, 'Galant');
insert into model (id, name) values (72, 'Savana 3500');
insert into model (id, name) values (73, 'E250');
insert into model (id, name) values (74, 'Tacoma');
insert into model (id, name) values (75, 'Magnum');
insert into model (id, name) values (76, 'Parisienne');
insert into model (id, name) values (77, 'Esprit');
insert into model (id, name) values (78, 'CL-Class');
insert into model (id, name) values (79, 'Regal');
insert into model (id, name) values (80, 'Express 1500');
insert into model (id, name) values (81, 'Jetta');
insert into model (id, name) values (82, 'Sorento');
insert into model (id, name) values (83, 'Pathfinder');
insert into model (id, name) values (84, 'Ram 2500 Club');
insert into model (id, name) values (85, 'Town & Country');
insert into model (id, name) values (86, 'F250');
insert into model (id, name) values (87, 'GTI');
insert into model (id, name) values (88, 'Firefly');
insert into model (id, name) values (89, 'Mulsanne');
insert into model (id, name) values (90, 'Sonata');
insert into model (id, name) values (91, 'V40');
insert into model (id, name) values (92, 'Fifth Ave');
insert into model (id, name) values (93, 'Frontier');
insert into model (id, name) values (94, 'Regency');
insert into model (id, name) values (95, 'Element');
insert into model (id, name) values (96, 'Suburban');
insert into model (id, name) values (97, 'Sportvan G30');
insert into model (id, name) values (98, 'Camaro');
insert into model (id, name) values (99, 'Celica');
insert into model (id, name) values (100, 'Grand Voyager');


insert into type (id, name) values (1, 'Hatchback');
insert into type (id, name) values (2, 'Sedan');
insert into type (id, name) values (3, 'MPV');
insert into type (id, name) values (4, 'SUV');
insert into type (id, name) values (5, 'Crossover');
insert into type (id, name) values (6, 'Coupe');
insert into type (id, name) values (7, 'Convertible');


insert into car (id, brand_id, model_id, type_id, year, mileage, price_per_day) values (1, 77, 59, 3, 2003, 92768, 624);
insert into car (id, brand_id, model_id, type_id, year, mileage, price_per_day) values (2, 44, 6, 7, 1984, 94187, 880);
insert into car (id, brand_id, model_id, type_id, year, mileage, price_per_day) values (3, 7, 14, 2, 2009, 68301, 678);
insert into car (id, brand_id, model_id, type_id, year, mileage, price_per_day) values (4, 35, 37, 7, 2008, 61898, 936);
insert into car (id, brand_id, model_id, type_id, year, mileage, price_per_day) values (5, 51, 48, 5, 2002, 70733, 411);
insert into car (id, brand_id, model_id, type_id, year, mileage, price_per_day) values (6, 90, 82, 7, 2001, 59697, 272);
insert into car (id, brand_id, model_id, type_id, year, mileage, price_per_day) values (7, 50, 43, 1, 2007, 22521, 701);
insert into car (id, brand_id, model_id, type_id, year, mileage, price_per_day) values (8, 57, 27, 1, 1970, 57419, 988);
insert into car (id, brand_id, model_id, type_id, year, mileage, price_per_day) values (9, 33, 86, 5, 2011, 95340, 774);
insert into car (id, brand_id, model_id, type_id, year, mileage, price_per_day) values (10, 70, 50, 4, 1996, 71041, 502);
insert into car (id, brand_id, model_id, type_id, year, mileage, price_per_day) values (11, 30, 35, 2, 1999, 79537, 272);
insert into car (id, brand_id, model_id, type_id, year, mileage, price_per_day) values (12, 88, 59, 6, 1971, 52945, 216);
insert into car (id, brand_id, model_id, type_id, year, mileage, price_per_day) values (13, 12, 12, 4, 1996, 86565, 968);
insert into car (id, brand_id, model_id, type_id, year, mileage, price_per_day) values (14, 75, 61, 1, 2007, 77245, 496);
insert into car (id, brand_id, model_id, type_id, year, mileage, price_per_day) values (15, 71, 50, 4, 2009, 76852, 283);
insert into car (id, brand_id, model_id, type_id, year, mileage, price_per_day) values (16, 19, 75, 4, 1992, 58914, 364);
insert into car (id, brand_id, model_id, type_id, year, mileage, price_per_day) values (17, 34, 84, 7, 2011, 28658, 778);
insert into car (id, brand_id, model_id, type_id, year, mileage, price_per_day) values (18, 60, 23, 7, 2011, 37340, 752);
insert into car (id, brand_id, model_id, type_id, year, mileage, price_per_day) values (19, 64, 7, 6, 2004, 71828, 823);
insert into car (id, brand_id, model_id, type_id, year, mileage, price_per_day) values (20, 11, 70, 1, 1999, 89208, 721);
insert into car (id, brand_id, model_id, type_id, year, mileage, price_per_day) values (21, 28, 59, 2, 2001, 49215, 431);
insert into car (id, brand_id, model_id, type_id, year, mileage, price_per_day) values (22, 70, 62, 6, 2010, 19891, 395);
insert into car (id, brand_id, model_id, type_id, year, mileage, price_per_day) values (23, 16, 98, 5, 1985, 30534, 629);
insert into car (id, brand_id, model_id, type_id, year, mileage, price_per_day) values (24, 79, 42, 7, 2001, 66314, 978);
insert into car (id, brand_id, model_id, type_id, year, mileage, price_per_day) values (25, 7, 88, 5, 2005, 79572, 664);
insert into car (id, brand_id, model_id, type_id, year, mileage, price_per_day) values (26, 65, 20, 2, 2008, 74067, 396);
insert into car (id, brand_id, model_id, type_id, year, mileage, price_per_day) values (27, 23, 85, 7, 1968, 40997, 787);
insert into car (id, brand_id, model_id, type_id, year, mileage, price_per_day) values (28, 75, 21, 6, 2000, 19333, 245);
insert into car (id, brand_id, model_id, type_id, year, mileage, price_per_day) values (29, 23, 17, 2, 2012, 70151, 671);
insert into car (id, brand_id, model_id, type_id, year, mileage, price_per_day) values (30, 22, 24, 4, 1998, 76357, 825);
insert into car (id, brand_id, model_id, type_id, year, mileage, price_per_day) values (31, 98, 59, 7, 1994, 28302, 211);
insert into car (id, brand_id, model_id, type_id, year, mileage, price_per_day) values (32, 10, 42, 5, 2008, 80239, 941);
insert into car (id, brand_id, model_id, type_id, year, mileage, price_per_day) values (33, 95, 100, 2, 1989, 96060, 908);
insert into car (id, brand_id, model_id, type_id, year, mileage, price_per_day) values (34, 74, 49, 7, 1997, 71600, 997);
insert into car (id, brand_id, model_id, type_id, year, mileage, price_per_day) values (35, 28, 89, 3, 2006, 23251, 425);
insert into car (id, brand_id, model_id, type_id, year, mileage, price_per_day) values (36, 22, 29, 2, 2003, 70173, 605);
insert into car (id, brand_id, model_id, type_id, year, mileage, price_per_day) values (37, 2, 39, 6, 2012, 61859, 636);
insert into car (id, brand_id, model_id, type_id, year, mileage, price_per_day) values (38, 82, 55, 6, 2006, 51112, 120);
insert into car (id, brand_id, model_id, type_id, year, mileage, price_per_day) values (39, 87, 51, 7, 2007, 35994, 893);
insert into car (id, brand_id, model_id, type_id, year, mileage, price_per_day) values (40, 10, 80, 3, 2013, 99138, 859);
insert into car (id, brand_id, model_id, type_id, year, mileage, price_per_day) values (41, 6, 55, 3, 1993, 20781, 746);
insert into car (id, brand_id, model_id, type_id, year, mileage, price_per_day) values (42, 10, 31, 1, 2004, 72578, 431);
insert into car (id, brand_id, model_id, type_id, year, mileage, price_per_day) values (43, 62, 93, 6, 2012, 98102, 556);
insert into car (id, brand_id, model_id, type_id, year, mileage, price_per_day) values (44, 62, 41, 3, 1988, 76124, 744);
insert into car (id, brand_id, model_id, type_id, year, mileage, price_per_day) values (45, 96, 41, 5, 2009, 91665, 618);
insert into car (id, brand_id, model_id, type_id, year, mileage, price_per_day) values (46, 32, 38, 4, 1986, 25254, 926);
insert into car (id, brand_id, model_id, type_id, year, mileage, price_per_day) values (47, 35, 26, 2, 1999, 62128, 923);
insert into car (id, brand_id, model_id, type_id, year, mileage, price_per_day) values (48, 87, 30, 2, 2000, 84968, 558);
insert into car (id, brand_id, model_id, type_id, year, mileage, price_per_day) values (49, 44, 76, 6, 2006, 49450, 460);
insert into car (id, brand_id, model_id, type_id, year, mileage, price_per_day) values (50, 70, 28, 4, 2012, 93004, 805);
insert into car (id, brand_id, model_id, type_id, year, mileage, price_per_day) values (51, 1, 19, 1, 1992, 57125, 626);
insert into car (id, brand_id, model_id, type_id, year, mileage, price_per_day) values (52, 57, 8, 6, 2005, 75346, 262);
insert into car (id, brand_id, model_id, type_id, year, mileage, price_per_day) values (53, 96, 77, 7, 2012, 20732, 464);
insert into car (id, brand_id, model_id, type_id, year, mileage, price_per_day) values (54, 8, 13, 5, 1997, 80519, 805);
insert into car (id, brand_id, model_id, type_id, year, mileage, price_per_day) values (55, 59, 87, 3, 2007, 22592, 943);
insert into car (id, brand_id, model_id, type_id, year, mileage, price_per_day) values (56, 42, 56, 6, 2001, 78126, 818);
insert into car (id, brand_id, model_id, type_id, year, mileage, price_per_day) values (57, 7, 60, 3, 2004, 55474, 559);
insert into car (id, brand_id, model_id, type_id, year, mileage, price_per_day) values (58, 41, 28, 1, 1997, 66730, 815);
insert into car (id, brand_id, model_id, type_id, year, mileage, price_per_day) values (59, 61, 82, 6, 2010, 20191, 178);
insert into car (id, brand_id, model_id, type_id, year, mileage, price_per_day) values (60, 21, 17, 6, 2009, 94285, 452);
insert into car (id, brand_id, model_id, type_id, year, mileage, price_per_day) values (61, 100, 40, 7, 1999, 69755, 629);
insert into car (id, brand_id, model_id, type_id, year, mileage, price_per_day) values (62, 16, 73, 3, 2001, 23604, 902);
insert into car (id, brand_id, model_id, type_id, year, mileage, price_per_day) values (63, 27, 37, 5, 1988, 47283, 137);
insert into car (id, brand_id, model_id, type_id, year, mileage, price_per_day) values (64, 67, 28, 3, 1995, 27929, 952);
insert into car (id, brand_id, model_id, type_id, year, mileage, price_per_day) values (65, 55, 5, 3, 2003, 52606, 647);
insert into car (id, brand_id, model_id, type_id, year, mileage, price_per_day) values (66, 56, 72, 7, 1997, 57467, 313);
insert into car (id, brand_id, model_id, type_id, year, mileage, price_per_day) values (67, 65, 27, 5, 1986, 31693, 564);
insert into car (id, brand_id, model_id, type_id, year, mileage, price_per_day) values (68, 4, 79, 1, 1990, 80808, 370);
insert into car (id, brand_id, model_id, type_id, year, mileage, price_per_day) values (69, 2, 86, 5, 2010, 14720, 964);
insert into car (id, brand_id, model_id, type_id, year, mileage, price_per_day) values (70, 94, 24, 6, 1997, 41584, 336);
insert into car (id, brand_id, model_id, type_id, year, mileage, price_per_day) values (71, 85, 6, 6, 2011, 40592, 161);
insert into car (id, brand_id, model_id, type_id, year, mileage, price_per_day) values (72, 6, 31, 7, 1994, 94808, 964);
insert into car (id, brand_id, model_id, type_id, year, mileage, price_per_day) values (73, 90, 58, 4, 2008, 13482, 780);
insert into car (id, brand_id, model_id, type_id, year, mileage, price_per_day) values (74, 11, 83, 3, 2000, 34827, 891);
insert into car (id, brand_id, model_id, type_id, year, mileage, price_per_day) values (75, 4, 2, 4, 1992, 58171, 515);
insert into car (id, brand_id, model_id, type_id, year, mileage, price_per_day) values (76, 35, 27, 4, 2001, 13117, 509);
insert into car (id, brand_id, model_id, type_id, year, mileage, price_per_day) values (77, 72, 100, 7, 2009, 35923, 752);
insert into car (id, brand_id, model_id, type_id, year, mileage, price_per_day) values (78, 15, 85, 6, 2011, 75772, 758);
insert into car (id, brand_id, model_id, type_id, year, mileage, price_per_day) values (79, 75, 33, 3, 1993, 39805, 233);
insert into car (id, brand_id, model_id, type_id, year, mileage, price_per_day) values (80, 60, 59, 5, 2011, 98863, 490);
insert into car (id, brand_id, model_id, type_id, year, mileage, price_per_day) values (81, 7, 94, 2, 1994, 48726, 364);
insert into car (id, brand_id, model_id, type_id, year, mileage, price_per_day) values (82, 21, 4, 5, 2002, 69115, 905);
insert into car (id, brand_id, model_id, type_id, year, mileage, price_per_day) values (83, 14, 32, 1, 2004, 80309, 450);
insert into car (id, brand_id, model_id, type_id, year, mileage, price_per_day) values (84, 7, 74, 1, 2011, 36369, 917);
insert into car (id, brand_id, model_id, type_id, year, mileage, price_per_day) values (85, 19, 93, 4, 1999, 56661, 940);
insert into car (id, brand_id, model_id, type_id, year, mileage, price_per_day) values (86, 40, 59, 2, 2011, 78262, 459);
insert into car (id, brand_id, model_id, type_id, year, mileage, price_per_day) values (87, 22, 91, 7, 1999, 59631, 238);
insert into car (id, brand_id, model_id, type_id, year, mileage, price_per_day) values (88, 66, 77, 4, 1986, 38451, 554);
insert into car (id, brand_id, model_id, type_id, year, mileage, price_per_day) values (89, 44, 60, 7, 2002, 13582, 946);
insert into car (id, brand_id, model_id, type_id, year, mileage, price_per_day) values (90, 74, 94, 5, 1997, 76804, 177);
insert into car (id, brand_id, model_id, type_id, year, mileage, price_per_day) values (91, 71, 97, 1, 1999, 19545, 844);
insert into car (id, brand_id, model_id, type_id, year, mileage, price_per_day) values (92, 63, 58, 6, 2009, 52600, 515);
insert into car (id, brand_id, model_id, type_id, year, mileage, price_per_day) values (93, 25, 3, 7, 2004, 51399, 473);
insert into car (id, brand_id, model_id, type_id, year, mileage, price_per_day) values (94, 45, 10, 5, 2007, 51219, 462);
insert into car (id, brand_id, model_id, type_id, year, mileage, price_per_day) values (95, 39, 27, 2, 2005, 10664, 772);
insert into car (id, brand_id, model_id, type_id, year, mileage, price_per_day) values (96, 86, 84, 7, 1993, 61207, 123);
insert into car (id, brand_id, model_id, type_id, year, mileage, price_per_day) values (97, 61, 20, 4, 1994, 87758, 148);
insert into car (id, brand_id, model_id, type_id, year, mileage, price_per_day) values (98, 93, 56, 4, 1994, 77122, 393);
insert into car (id, brand_id, model_id, type_id, year, mileage, price_per_day) values (99, 74, 72, 7, 1997, 84606, 425);
insert into car (id, brand_id, model_id, type_id, year, mileage, price_per_day) values (100, 29, 33, 6, 2006, 42695, 351);


insert into rental (id, car_id, user_id, total_price, start_time, end_time) values (1, 16, 26, 46120, '2018-06-04 04:01:47', '2018-06-29 01:32:40');
insert into rental (id, car_id, user_id, total_price, start_time, end_time) values (2, 26, 30, 19038, '2018-07-27 04:15:20', '2018-09-29 19:15:50');
insert into rental (id, car_id, user_id, total_price, start_time, end_time) values (3, 35, 42, 31338, '2018-10-11 18:36:39', '2018-09-03 23:42:37');
insert into rental (id, car_id, user_id, total_price, start_time, end_time) values (4, 44, 68, 21527, '2018-09-28 02:51:07', '2018-08-31 13:28:40');
insert into rental (id, car_id, user_id, total_price, start_time, end_time) values (5, 93, 96, 36013, '2018-10-30 12:02:41', '2018-10-25 12:48:49');
insert into rental (id, car_id, user_id, total_price, start_time, end_time) values (6, 65, 18, 8454, '2019-01-25 03:10:42', '2018-09-21 02:42:39');
insert into rental (id, car_id, user_id, total_price, start_time, end_time) values (7, 51, 94, 23180, '2018-10-15 04:25:42', '2018-06-28 07:29:47');
insert into rental (id, car_id, user_id, total_price, start_time, end_time) values (8, 71, 93, 38320, '2018-04-17 08:21:22', '2018-12-31 07:35:26');
insert into rental (id, car_id, user_id, total_price, start_time, end_time) values (9, 36, 31, 38883, '2018-03-28 10:44:44', '2018-08-23 13:37:07');
insert into rental (id, car_id, user_id, total_price, start_time, end_time) values (10, 24, 13, 9710, '2018-11-01 16:34:48', '2019-01-02 12:32:44');
insert into rental (id, car_id, user_id, total_price, start_time, end_time) values (11, 61, 17, 45674, '2019-02-06 14:35:50', '2018-10-11 10:51:21');
insert into rental (id, car_id, user_id, total_price, start_time, end_time) values (12, 32, 69, 2673, '2018-05-05 10:14:06', '2018-04-15 08:04:50');
insert into rental (id, car_id, user_id, total_price, start_time, end_time) values (13, 83, 68, 41362, '2019-02-18 00:44:04', '2018-08-04 00:26:16');
insert into rental (id, car_id, user_id, total_price, start_time, end_time) values (14, 99, 73, 7032, '2018-03-22 09:59:18', '2018-12-11 17:17:13');
insert into rental (id, car_id, user_id, total_price, start_time, end_time) values (15, 34, 33, 4070, '2018-10-10 02:33:13', '2018-08-10 21:31:30');
insert into rental (id, car_id, user_id, total_price, start_time, end_time) values (16, 86, 2, 10038, '2018-07-03 03:10:55', '2018-09-12 15:21:28');
insert into rental (id, car_id, user_id, total_price, start_time, end_time) values (17, 27, 18, 3137, '2019-01-04 23:42:50', '2018-04-23 20:08:33');
insert into rental (id, car_id, user_id, total_price, start_time, end_time) values (18, 18, 11, 21121, '2018-05-24 23:55:53', '2018-10-17 08:01:04');
insert into rental (id, car_id, user_id, total_price, start_time, end_time) values (19, 12, 28, 37493, '2018-10-24 19:53:30', '2018-08-16 06:27:42');
insert into rental (id, car_id, user_id, total_price, start_time, end_time) values (20, 58, 14, 28774, '2019-02-05 02:48:21', '2018-12-15 23:58:04');
insert into rental (id, car_id, user_id, total_price, start_time, end_time) values (21, 82, 64, 21777, '2019-01-22 06:58:30', '2018-09-07 14:19:08');
insert into rental (id, car_id, user_id, total_price, start_time, end_time) values (22, 90, 57, 37467, '2018-07-01 15:54:55', '2018-10-23 17:27:21');
insert into rental (id, car_id, user_id, total_price, start_time, end_time) values (23, 74, 24, 24478, '2018-09-27 01:39:54', '2018-04-26 14:06:23');
insert into rental (id, car_id, user_id, total_price, start_time, end_time) values (24, 5, 46, 37858, '2018-03-31 09:47:23', '2018-05-26 15:28:08');
insert into rental (id, car_id, user_id, total_price, start_time, end_time) values (25, 89, 75, 32102, '2018-07-01 01:36:10', '2018-05-10 16:32:52');
insert into rental (id, car_id, user_id, total_price, start_time, end_time) values (26, 5, 48, 3424, '2018-09-29 02:15:53', '2018-12-07 11:55:02');
insert into rental (id, car_id, user_id, total_price, start_time, end_time) values (27, 65, 15, 1438, '2018-07-29 13:18:06', '2018-06-12 23:35:16');
insert into rental (id, car_id, user_id, total_price, start_time, end_time) values (28, 86, 16, 35701, '2018-06-04 23:01:11', '2019-02-01 09:22:26');
insert into rental (id, car_id, user_id, total_price, start_time, end_time) values (29, 32, 57, 28544, '2018-08-06 01:49:14', '2018-11-11 13:29:20');
insert into rental (id, car_id, user_id, total_price, start_time, end_time) values (30, 35, 27, 22585, '2018-12-23 05:21:49', '2018-08-07 14:15:13');
insert into rental (id, car_id, user_id, total_price, start_time, end_time) values (31, 74, 75, 32188, '2018-07-10 16:15:31', '2018-12-03 13:22:48');
insert into rental (id, car_id, user_id, total_price, start_time, end_time) values (32, 7, 81, 43829, '2018-03-05 04:03:08', '2018-08-02 03:20:07');
insert into rental (id, car_id, user_id, total_price, start_time, end_time) values (33, 9, 97, 41106, '2018-06-05 06:20:10', '2018-05-15 11:06:35');
insert into rental (id, car_id, user_id, total_price, start_time, end_time) values (34, 50, 1, 21042, '2019-02-16 08:49:09', '2018-09-25 00:25:47');
insert into rental (id, car_id, user_id, total_price, start_time, end_time) values (35, 68, 89, 48241, '2018-10-29 16:40:09', '2018-11-11 13:05:56');
insert into rental (id, car_id, user_id, total_price, start_time, end_time) values (36, 51, 89, 45572, '2018-11-02 15:10:19', '2018-09-22 19:25:34');
insert into rental (id, car_id, user_id, total_price, start_time, end_time) values (37, 93, 23, 20503, '2018-09-29 05:21:48', '2018-09-23 23:59:50');
insert into rental (id, car_id, user_id, total_price, start_time, end_time) values (38, 59, 21, 22502, '2019-02-10 19:04:59', '2018-05-09 05:04:35');
insert into rental (id, car_id, user_id, total_price, start_time, end_time) values (39, 16, 83, 13775, '2018-09-27 09:45:11', '2018-10-20 18:23:29');
insert into rental (id, car_id, user_id, total_price, start_time, end_time) values (40, 68, 76, 42033, '2018-06-16 09:54:17', '2018-07-02 02:10:08');
insert into rental (id, car_id, user_id, total_price, start_time, end_time) values (41, 33, 30, 49791, '2019-01-14 05:42:53', '2018-07-26 11:07:07');
insert into rental (id, car_id, user_id, total_price, start_time, end_time) values (42, 88, 50, 32550, '2018-07-24 04:39:53', '2018-09-27 02:15:34');
insert into rental (id, car_id, user_id, total_price, start_time, end_time) values (43, 90, 68, 49687, '2018-11-01 17:35:03', '2018-04-30 13:28:59');
insert into rental (id, car_id, user_id, total_price, start_time, end_time) values (44, 4, 16, 47370, '2018-07-27 14:24:33', '2019-01-12 13:48:03');
insert into rental (id, car_id, user_id, total_price, start_time, end_time) values (45, 24, 96, 37311, '2019-02-10 20:24:20', '2018-03-11 14:53:58');
insert into rental (id, car_id, user_id, total_price, start_time, end_time) values (46, 70, 25, 23422, '2018-05-19 10:22:47', '2018-07-12 06:03:47');
insert into rental (id, car_id, user_id, total_price, start_time, end_time) values (47, 53, 16, 31484, '2018-10-04 20:36:10', '2019-02-13 01:04:20');
insert into rental (id, car_id, user_id, total_price, start_time, end_time) values (48, 52, 80, 3025, '2018-10-25 01:44:17', '2018-05-16 13:26:26');
insert into rental (id, car_id, user_id, total_price, start_time, end_time) values (49, 55, 66, 6072, '2018-06-25 22:45:42', '2018-12-20 15:29:20');
insert into rental (id, car_id, user_id, total_price, start_time, end_time) values (50, 77, 3, 28151, '2018-07-27 04:06:27', '2018-04-04 23:54:19');
insert into rental (id, car_id, user_id, total_price, start_time, end_time) values (51, 61, 68, 47987, '2018-08-27 14:48:48', '2018-11-18 07:50:48');
insert into rental (id, car_id, user_id, total_price, start_time, end_time) values (52, 78, 75, 49945, '2018-05-19 04:47:39', '2018-12-06 08:27:18');
insert into rental (id, car_id, user_id, total_price, start_time, end_time) values (53, 76, 91, 21064, '2018-07-19 04:12:14', '2018-07-13 15:41:34');
insert into rental (id, car_id, user_id, total_price, start_time, end_time) values (54, 29, 14, 28006, '2018-03-28 22:48:38', '2019-01-22 13:21:57');
insert into rental (id, car_id, user_id, total_price, start_time, end_time) values (55, 2, 12, 39226, '2018-07-10 22:33:56', '2018-03-24 08:57:16');
insert into rental (id, car_id, user_id, total_price, start_time, end_time) values (56, 24, 38, 26317, '2018-08-04 21:23:20', '2018-08-28 13:29:53');
insert into rental (id, car_id, user_id, total_price, start_time, end_time) values (57, 89, 38, 28165, '2018-05-25 05:36:43', '2018-02-27 08:09:48');
insert into rental (id, car_id, user_id, total_price, start_time, end_time) values (58, 83, 36, 43105, '2018-05-29 09:31:25', '2018-09-03 17:19:35');
insert into rental (id, car_id, user_id, total_price, start_time, end_time) values (59, 62, 24, 47835, '2018-05-04 04:42:27', '2019-01-28 07:59:39');
insert into rental (id, car_id, user_id, total_price, start_time, end_time) values (60, 71, 92, 3101, '2018-03-24 10:12:12', '2018-10-26 15:03:11');
insert into rental (id, car_id, user_id, total_price, start_time, end_time) values (61, 75, 50, 19889, '2018-11-11 17:46:29', '2018-02-21 23:32:32');
insert into rental (id, car_id, user_id, total_price, start_time, end_time) values (62, 31, 97, 42401, '2018-05-01 22:10:39', '2018-06-27 05:02:37');
insert into rental (id, car_id, user_id, total_price, start_time, end_time) values (63, 72, 22, 32243, '2019-02-11 14:16:12', '2018-09-14 15:18:52');
insert into rental (id, car_id, user_id, total_price, start_time, end_time) values (64, 62, 48, 40705, '2018-12-14 03:34:11', '2018-06-09 00:58:13');
insert into rental (id, car_id, user_id, total_price, start_time, end_time) values (65, 2, 30, 43050, '2018-06-08 22:31:28', '2018-07-05 17:39:21');
insert into rental (id, car_id, user_id, total_price, start_time, end_time) values (66, 35, 66, 14578, '2018-02-25 17:24:52', '2018-11-23 03:54:55');
insert into rental (id, car_id, user_id, total_price, start_time, end_time) values (67, 11, 67, 19426, '2019-02-12 14:24:08', '2018-09-07 13:50:08');
insert into rental (id, car_id, user_id, total_price, start_time, end_time) values (68, 96, 30, 39044, '2018-05-03 02:59:08', '2018-09-26 15:46:40');
insert into rental (id, car_id, user_id, total_price, start_time, end_time) values (69, 46, 83, 30943, '2018-05-31 00:40:46', '2018-08-08 09:40:05');
insert into rental (id, car_id, user_id, total_price, start_time, end_time) values (70, 57, 37, 20161, '2019-01-06 21:25:39', '2018-07-07 10:55:52');
insert into rental (id, car_id, user_id, total_price, start_time, end_time) values (71, 88, 36, 30519, '2018-04-11 09:57:23', '2019-01-09 01:52:12');
insert into rental (id, car_id, user_id, total_price, start_time, end_time) values (72, 58, 78, 11331, '2018-04-01 13:12:55', '2019-01-03 23:44:23');
insert into rental (id, car_id, user_id, total_price, start_time, end_time) values (73, 97, 7, 20183, '2019-01-25 07:12:20', '2018-11-01 16:27:49');
insert into rental (id, car_id, user_id, total_price, start_time, end_time) values (74, 19, 7, 31259, '2018-03-03 15:58:25', '2018-11-27 14:02:03');
insert into rental (id, car_id, user_id, total_price, start_time, end_time) values (75, 42, 58, 38867, '2018-09-03 19:05:32', '2018-03-18 18:27:46');
insert into rental (id, car_id, user_id, total_price, start_time, end_time) values (76, 9, 53, 10492, '2018-11-20 15:05:44', '2019-01-16 04:52:36');
insert into rental (id, car_id, user_id, total_price, start_time, end_time) values (77, 91, 66, 29660, '2018-07-10 21:12:32', '2018-11-28 10:45:48');
insert into rental (id, car_id, user_id, total_price, start_time, end_time) values (78, 32, 30, 3373, '2018-05-02 21:43:57', '2018-12-18 15:20:00');
insert into rental (id, car_id, user_id, total_price, start_time, end_time) values (79, 23, 71, 22953, '2019-01-17 12:12:37', '2018-07-23 01:47:14');
insert into rental (id, car_id, user_id, total_price, start_time, end_time) values (80, 51, 33, 29435, '2019-01-13 00:13:33', '2018-07-05 23:46:43');
insert into rental (id, car_id, user_id, total_price, start_time, end_time) values (81, 24, 21, 16747, '2018-07-10 07:23:50', '2018-11-27 09:47:09');
insert into rental (id, car_id, user_id, total_price, start_time, end_time) values (82, 40, 92, 1188, '2019-01-17 07:19:18', '2018-09-27 05:52:33');
insert into rental (id, car_id, user_id, total_price, start_time, end_time) values (83, 26, 60, 19750, '2019-02-04 06:38:33', '2019-01-09 11:12:40');
insert into rental (id, car_id, user_id, total_price, start_time, end_time) values (84, 55, 100, 12804, '2018-11-01 09:18:00', '2018-08-12 03:40:26');
insert into rental (id, car_id, user_id, total_price, start_time, end_time) values (85, 25, 16, 22692, '2018-07-14 00:44:27', '2018-04-10 22:06:18');
insert into rental (id, car_id, user_id, total_price, start_time, end_time) values (86, 35, 5, 49838, '2018-07-24 00:41:01', '2018-10-19 01:52:28');
insert into rental (id, car_id, user_id, total_price, start_time, end_time) values (87, 92, 79, 20711, '2018-03-14 16:27:41', '2018-03-26 11:41:47');
insert into rental (id, car_id, user_id, total_price, start_time, end_time) values (88, 14, 20, 6213, '2018-06-25 09:32:42', '2018-10-18 05:39:13');
insert into rental (id, car_id, user_id, total_price, start_time, end_time) values (89, 65, 7, 39606, '2018-06-06 11:14:16', '2018-07-30 10:32:15');
insert into rental (id, car_id, user_id, total_price, start_time, end_time) values (90, 75, 21, 13327, '2018-10-13 04:10:40', '2018-08-21 10:08:03');
insert into rental (id, car_id, user_id, total_price, start_time, end_time) values (91, 17, 81, 42620, '2018-04-27 17:56:03', '2018-09-08 03:27:28');
insert into rental (id, car_id, user_id, total_price, start_time, end_time) values (92, 95, 59, 34436, '2019-01-06 12:21:11', '2018-05-21 12:42:29');
insert into rental (id, car_id, user_id, total_price, start_time, end_time) values (93, 47, 95, 10173, '2019-01-01 08:32:09', '2018-10-23 11:21:49');
insert into rental (id, car_id, user_id, total_price, start_time, end_time) values (94, 17, 13, 35434, '2018-02-27 12:22:51', '2019-02-04 04:07:13');
insert into rental (id, car_id, user_id, total_price, start_time, end_time) values (95, 50, 50, 38663, '2018-04-06 13:12:27', '2018-07-17 12:45:40');
insert into rental (id, car_id, user_id, total_price, start_time, end_time) values (96, 51, 53, 45247, '2018-06-11 22:49:38', '2018-05-29 14:19:35');
insert into rental (id, car_id, user_id, total_price, start_time, end_time) values (97, 58, 63, 14939, '2019-02-11 21:59:04', '2018-04-10 02:12:20');
insert into rental (id, car_id, user_id, total_price, start_time, end_time) values (98, 14, 96, 20156, '2019-02-12 00:36:15', '2018-12-27 15:28:52');
insert into rental (id, car_id, user_id, total_price, start_time, end_time) values (99, 29, 6, 32525, '2019-01-29 15:10:42', '2019-01-08 02:15:44');
insert into rental (id, car_id, user_id, total_price, start_time, end_time) values (100, 66, 47, 1456, '2018-08-02 01:20:55', '2018-06-13 10:30:59');
